No.,Lokasi,tanggal,Minyak_Goreng_Kemasan,Minyak_Goreng_Curah,Kelapa_Sawit
1,Jawa Timur,4/21/2022,24.25,17.82,2661
2,Jawa Timur,4/22/2022,24.26,17.96,2886
3,Jawa Timur,4/23/2022,24.52,17.51,2573
4,Jawa Timur,4/24/2022,24.54,17.71,2492
5,Jawa Timur,4/25/2022,24.27,17.65,2212
6,Jawa Timur,4/26/2022,24.2,17.29,2082
7,Jawa Timur,4/27/2022,24.15,17.36,1989
8,Jawa Timur,4/28/2022,23.82,17.42,1989
9,Jawa Timur,4/29/2022,24.3,17.11,1924
10,Jawa Timur,4/30/2022,24.15,17.29,1978
11,Jawa Timur,5/1/2022,23.73,17.12,1752
12,Jawa Timur,5/2/2022,24.36,16.95,1733
13,Jawa Timur,5/3/2022,24.22,17.01,1744
14,Jawa Timur,5/4/2022,24.17,16.9,1750
15,Jawa Timur,5/5/2022,24.17,16.84,1747
16,Jawa Timur,5/6/2022,24.12,16.91,1676
17,Jawa Timur,5/7/2022,24.09,17.04,1713
18,Jawa Timur,5/8/2022,24.16,16.72,1748
19,Jawa Timur,5/9/2022,24.11,16.8,1616
20,Jawa Timur,5/10/2022,24.12,16.82,1636
21,Jawa Timur,5/11/2022,24.22,16.92,1614
22,Jawa Timur,5/12/2022,24.12,16.72,1604
23,Jawa Timur,5/13/2022,23.99,16.71,1838
24,Jawa Timur,5/14/2022,24.11,16.61,1527
25,Jawa Timur,5/15/2022,24.31,16.76,1619
26,Jawa Timur,5/16/2022,24.2,16.82,1513
27,Jawa Timur,5/17/2022,24.01,16.59,1538
28,Jawa Timur,5/18/2022,23.96,16.85,1530
29,Jawa Timur,5/19/2022,24.27,16.69,1548
30,Jawa Timur,5/20/2022,23.8,16.57,1535
31,Jawa Timur,5/21/2022,23.99,16.64,1537
32,Jawa Timur,5/22/2022,24.01,16.67,1646
33,Jawa Timur,5/23/2022,24.07,16.71,1632
34,Jawa Timur,5/24/2022,24.02,16.52,1605
35,Jawa Timur,5/25/2022,23.76,16.59,1644
36,Jawa Timur,5/26/2022,24.02,16.75,1637
37,Jawa Timur,5/27/2022,23.54,16.22,1685
38,Jawa Timur,5/28/2022,23.83,16.18,1691
39,Jawa Timur,5/29/2022,23.66,16.25,1735
40,Jawa Timur,5/30/2022,23.77,16.37,1675
41,Jawa Timur,5/31/2022,23.74,16.37,1626
42,Jawa Timur,6/1/2022,23.63,16.04,1600
43,Jawa Timur,6/2/2022,23.56,16.39,1636
44,Jawa Timur,6/3/2022,23.62,16.16,1638
45,Jawa Timur,6/4/2022,23.56,16.16,1614
46,Jawa Timur,6/5/2022,23.59,16.17,1627
47,Jawa Timur,6/6/2022,23.54,16.19,1512
48,Jawa Timur,6/7/2022,23.11,16.1,1553
49,Jawa Timur,6/8/2022,23.54,16.11,1536
50,Jawa Timur,6/9/2022,23.56,16.47,1533
51,Jawa Timur,6/10/2022,null,null,1997
52,Jawa Timur,6/11/2022,null,null,1496
53,Jawa Timur,6/12/2022,null,null,1755
54,Jawa Timur,6/13/2022,null,null,1408
55,Jawa Timur,6/14/2022,null,null,1427
56,Jawa Timur,6/15/2022,null,null,1362
57,Jawa Timur,6/16/2022,null,null,1339
58,Jawa Timur,6/17/2022,null,null,1288
59,Jawa Timur,6/18/2022,null,null,1331
60,Jawa Timur,6/19/2022,null,null,1327
61,Jawa Timur,6/20/2022,null,null,1225
62,Jawa Timur,6/21/2022,null,null,1246
63,Jawa Timur,6/22/2022,null,null,1147
64,Jawa Timur,6/23/2022,null,null,1097
65,Jawa Timur,6/24/2022,null,null,1025
66,Jawa Timur,6/25/2022,null,null,1189
67,Jawa Timur,6/26/2022,null,null,979
68,Jawa Timur,6/27/2022,null,null,906
69,Jawa Timur,6/28/2022,null,null,932
70,Jawa Timur,6/29/2022,null,null,918
71,Jawa Timur,6/30/2022,null,null,937
72,Jawa Timur,7/1/2022,null,null,852
73,Jawa Timur,7/2/2022,null,null,1170
74,Jawa Timur,7/3/2022,null,null,852
75,Jawa Timur,7/4/2022,null,null,843
76,Jawa Timur,7/5/2022,null,null,834
77,Jawa Timur,7/6/2022,null,null,812
78,Jawa Timur,7/7/2022,null,null,747
79,Jawa Timur,7/8/2022,null,null,747
80,Jawa Timur,7/9/2022,null,null,733
81,Jawa Timur,7/10/2022,null,null,729
82,Jawa Timur,7/11/2022,null,null,707
83,Jawa Timur,7/12/2022,null,null,732
84,Jawa Timur,7/13/2022,null,null,733
85,Jawa Timur,7/14/2022,21.54,14.37,736
86,Jawa Timur,7/15/2022,21.66,14.34,759
87,Jawa Timur,7/16/2022,21.66,14.34,750
88,Jawa Timur,7/17/2022,21.77,14.31,784
89,Jawa Timur,7/18/2022,21.18,13.92,807
90,Jawa Timur,7/19/2022,20.86,14.02,791
91,Jawa Timur,7/20/2022,21.32,14.1,825
92,Jawa Timur,7/21/2022,20.85,14.12,853
93,Jawa Timur,7/22/2022,20.94,13.98,882
94,Jawa Timur,7/23/2022,20.74,14.04,845
95,Jawa Timur,7/24/2022,21.24,14.03,879
96,Jawa Timur,7/25/2022,20.7,13.82,900
97,Jawa Timur,7/26/2022,20.56,13.82,905
98,Jawa Timur,7/27/2022,20.02,13.73,914
99,Jawa Timur,7/28/2022,19.95,13.58,919
100,Jawa Timur,7/29/2022,20.4,13.62,943
101,Jawa Timur,7/30/2022,19.85,13.46,933
102,Jawa Timur,7/31/2022,19.69,13.65,959
103,Jawa Timur,8/1/2022,19.27,13.73,1005
104,Jawa Timur,8/2/2022,19.33,13.69,1018
105,Jawa Timur,8/3/2022,null,null,1031
106,Jawa Timur,8/4/2022,19.18,13.64,1065
107,Jawa Timur,8/5/2022,18.93,13.56,1062
108,Jawa Timur,8/6/2022,19.06,13.68,1061
109,Jawa Timur,8/7/2022,19.34,13.76,1107
110,Jawa Timur,8/8/2022,18.38,13.54,1097
111,Jawa Timur,8/9/2022,18.55,13.6,1124
112,Jawa Timur,8/10/2022,18.55,13.62,1151
113,Jawa Timur,8/11/2022,18.44,13.5,1121
114,Jawa Timur,8/12/2022,18.35,13.56,1172
115,Jawa Timur,8/13/2022,18.48,13.47,1174
116,Jawa Timur,8/14/2022,18.5,13.51,1234
117,Jawa Timur,8/15/2022,18.62,13.49,1234
118,Jawa Timur,8/16/2022,18.53,13.5,1213
119,Jawa Timur,8/17/2022,18.49,13.5,1222
120,Jawa Timur,8/18/2022,18.53,13.47,1229
121,Jawa Timur,8/19/2022,18.48,13.47,1237
122,Jawa Timur,8/20/2022,18.25,13.4,1269
123,Jawa Timur,8/21/2022,18.3,13.45,1244
124,Jawa Timur,8/22/2022,18.29,13.42,1293
125,Jawa Timur,8/23/2022,18.37,13.59,1257
126,Jawa Timur,8/24/2022,17.96,13.48,1297
127,Jawa Timur,8/25/2022,18.15,13.52,1347
128,Jawa Timur,8/26/2022,17.89,13.31,1330
129,Jawa Timur,8/27/2022,18.31,13.44,1380
130,Jawa Timur,8/28/2022,18.33,13.52,1409
131,Jawa Timur,8/29/2022,18.5,13.54,1341
132,Jawa Timur,8/30/2022,18.17,13.54,1396
133,Jawa Timur,8/31/2022,18.11,13.43,1387
134,Jawa Timur,9/1/2022,18.02,13.48,1417
135,Jawa Timur,9/2/2022,18.07,13.41,1534
136,Jawa Timur,9/3/2022,17.96,13.31,1407
137,Jawa Timur,9/4/2022,18.38,13.65,1431
138,Jawa Timur,9/5/2022,18.37,13.43,1415
139,Jawa Timur,9/6/2022,18.37,13.4,1534
140,Jawa Timur,9/7/2022,18.3,13.5,1461
141,Jawa Timur,9/8/2022,18.04,13.48,1429
142,Jawa Timur,9/9/2022,18.03,13.44,1430
143,Jawa Timur,9/10/2022,18.17,13.48,1459
144,Jawa Timur,9/11/2022,18.39,13.48,1433
145,Jawa Timur,9/12/2022,17.96,13.48,1423
146,Jawa Timur,9/13/2022,18,13.44,1438
147,Jawa Timur,9/14/2022,17.78,13.38,1465
148,Jawa Timur,9/15/2022,18.05,13.48,1605
149,Jawa Timur,9/16/2022,18.21,13.39,1465
150,Jawa Timur,9/17/2022,17.98,13.48,1649
151,Jawa Timur,9/18/2022,18.19,13.42,1842
152,Jawa Timur,9/19/2022,17.89,13.57,1455
153,Jawa Timur,9/20/2022,17.93,13.36,1486
154,Jawa Timur,9/21/2022,17.78,13.29,1524
155,Jawa Timur,9/22/2022,17.24,13.35,1516
156,Jawa Timur,9/23/2022,18,13.37,1519
157,Jawa Timur,9/24/2022,17.9,13.22,1502
158,Jawa Timur,9/25/2022,17.98,13.26,1526
159,Jawa Timur,9/26/2022,17.67,13.37,1496
160,Jawa Timur,9/27/2022,17.71,13.11,1508
161,Jawa Timur,9/28/2022,17.39,13.48,1532
162,Jawa Timur,9/29/2022,17.45,13.43,1487
163,Jawa Timur,9/30/2022,17.65,13.16,1461
164,Jawa Timur,10/1/2022,17.76,13.23,1513
165,Jawa Timur,10/2/2022,17.82,13.21,1521
166,Jawa Timur,10/3/2022,16.95,13.16,1503
167,Jawa Timur,10/4/2022,17.05,13.2,1509
168,Jawa Timur,10/5/2022,16.73,13.13,1551
169,Jawa Timur,10/6/2022,16.95,13.05,1517
170,Jawa Timur,10/7/2022,16.64,13.07,1518
171,Jawa Timur,10/8/2022,16.56,12.98,1529
172,Jawa Timur,10/9/2022,16.52,13.12,1548
173,Jawa Timur,10/10/2022,16.8,13.05,1523
174,Jawa Timur,10/11/2022,16.53,13.08,1551
175,Jawa Timur,10/12/2022,16.63,13.28,1585
176,Jawa Timur,10/13/2022,16.72,13.11,1567
177,Jawa Timur,10/14/2022,16.71,13.18,1561
178,Jawa Timur,10/15/2022,16.69,13.14,1581
179,Jawa Timur,10/16/2022,16.68,13.11,1576
180,Jawa Timur,10/17/2022,16.5,13.2,1581
181,Jawa Timur,10/18/2022,16.33,13.2,1589
182,Jawa Timur,10/19/2022,16.41,13.22,1628
183,Jawa Timur,10/20/2022,16.55,13.29,1591
184,Jawa Timur,10/21/2022,16.51,13.46,1632
185,Jawa Timur,10/22/2022,16.71,13.45,1619
186,Jawa Timur,10/23/2022,16.53,13.42,1634
187,Jawa Timur,10/24/2022,16.52,13.68,1610
188,Jawa Timur,10/25/2022,16.72,13.78,1648
189,Jawa Timur,10/26/2022,16.65,13.85,3031
190,Jawa Timur,10/27/2022,16.67,13.99,3126
191,Jawa Timur,10/28/2022,16.76,13.99,1689
192,Jawa Timur,10/29/2022,16.86,14.05,1682
193,Jawa Timur,10/30/2022,16.72,13.86,3399
194,Jawa Timur,10/31/2022,16.82,13.83,1674
195,Jawa Timur,11/1/2022,16.72,13.73,1738
196,Jawa Timur,11/2/2022,16.65,14.13,1788
197,Jawa Timur,11/3/2022,17.03,14.14,1788
198,Jawa Timur,11/4/2022,16.71,14.21,1805
199,Jawa Timur,11/5/2022,16.96,14.23,1819
200,Jawa Timur,11/6/2022,17.22,14.14,1797
201,Jawa Timur,11/7/2022,16.84,14.22,1839
202,Jawa Timur,11/8/2022,16.57,14.16,1857
203,Jawa Timur,11/9/2022,16.72,14.09,1842
204,Jawa Timur,11/10/2022,16.77,14.39,1843
205,Jawa Timur,11/11/2022,16.88,14.16,1839
206,Jawa Timur,11/12/2022,16.85,14.03,1858
207,Jawa Timur,11/13/2022,17,14.08,1855
208,Jawa Timur,11/14/2022,16.69,14.1,1822
209,Jawa Timur,11/15/2022,16.61,14.23,1839
210,Jawa Timur,11/16/2022,16.79,14.24,1853
211,Jawa Timur,11/17/2022,16.86,14.47,1834
212,Jawa Timur,11/18/2022,16.7,14.3,3088
213,Jawa Timur,11/19/2022,16.62,14.17,1828
214,Jawa Timur,11/20/2022,16.56,14.22,1855
215,Jawa Timur,11/21/2022,16.69,14.3,1810
216,Jawa Timur,11/22/2022,16.67,14.19,1833
217,Jawa Timur,11/23/2022,16.52,14.28,1847
218,Jawa Timur,11/24/2022,16.6,14.32,1831
219,Jawa Timur,11/25/2022,16.82,14.49,1807
220,Jawa Timur,11/26/2022,16.58,14.32,1869
221,Jawa Timur,11/27/2022,16.69,14.26,1860
222,Jawa Timur,11/28/2022,16.71,14.4,1805
223,Jawa Timur,11/29/2022,16.59,14.54,1835
224,Jawa Timur,11/30/2022,16.51,14.77,1841
225,Jawa Timur,12/1/2022,16.87,14.76,1855
226,Jawa Timur,12/2/2022,16.44,14.63,1845
227,Jawa Timur,12/3/2022,16.67,14.72,1873
228,Jawa Timur,12/4/2022,16.62,14.77,1854
229,Jawa Timur,12/5/2022,16.9,14.87,1839
230,Jawa Timur,12/6/2022,16.79,14.99,1828
231,Jawa Timur,12/7/2022,16.98,15.04,1829
232,Jawa Timur,12/8/2022,16.66,14.92,1823
233,Jawa Timur,12/9/2022,16.67,14.89,1812
234,Jawa Timur,12/10/2022,16.79,15.21,1827
235,Jawa Timur,12/11/2022,16.95,15.09,1823
236,Jawa Timur,12/12/2022,16.88,15.29,1814
237,Jawa Timur,12/13/2022,16.73,14.94,1808
238,Jawa Timur,12/14/2022,16.65,15.16,1803
239,Jawa Timur,12/15/2022,16.7,15.05,1810
240,Jawa Timur,12/16/2022,16.76,15.36,1805
241,Jawa Timur,12/17/2022,16.88,15.31,1819
242,Jawa Timur,12/18/2022,16.87,15.12,1807
243,Jawa Timur,12/19/2022,16.85,15.28,1823
244,Jawa Timur,12/20/2022,16.76,15.21,1822
245,Jawa Timur,12/21/2022,16.84,15.34,1825
246,Jawa Timur,12/22/2022,16.91,15.31,1811
247,Jawa Timur,12/23/2022,16.68,15.28,1819
248,Jawa Timur,12/24/2022,16.9,15.14,1820
249,Jawa Timur,12/25/2022,16.73,15.39,1824
250,Jawa Timur,12/26/2022,16.7,15.23,1821
251,Jawa Timur,12/27/2022,16.71,15.28,1824
252,Jawa Timur,12/28/2022,16.57,15.24,1831
253,Jawa Timur,12/29/2022,17.33,15.25,1835
254,Jawa Timur,12/30/2022,16.66,15.38,1842
255,Jawa Timur,12/31/2022,16.89,15.33,1843
256,Jawa Timur,1/1/2023,16.82,15.25,1844
257,Jawa Timur,1/2/2023,16.83,15.11,1989
258,Jawa Timur,1/3/2023,16.59,15.24,1798
259,Jawa Timur,1/4/2023,16.86,15,1828
260,Jawa Timur,1/5/2023,17.13,15,1852
261,Jawa Timur,1/6/2023,17.18,15.29,1784
262,Jawa Timur,1/7/2023,17.2,15.14,1831
263,Jawa Timur,1/8/2023,17.09,14.94,1835
264,Jawa Timur,1/9/2023,17.22,15.15,1827
265,Jawa Timur,1/10/2023,16.83,15.03,1837
266,Jawa Timur,1/11/2023,16.95,14.98,1820
267,Jawa Timur,1/12/2023,17.12,15.08,1853
268,Jawa Timur,1/13/2023,16.98,15.29,1807
269,Jawa Timur,1/14/2023,16.8,14.99,1830
270,Jawa Timur,1/15/2023,17.14,15.26,1827
271,Jawa Timur,1/16/2023,16.96,15.35,1816
272,Jawa Timur,1/17/2023,16.8,15.23,1822
273,Jawa Timur,1/18/2023,16.66,15.11,1812
274,Jawa Timur,1/19/2023,16.88,15.17,1846
275,Jawa Timur,1/20/2023,16.81,15.31,1799
276,Jawa Timur,1/21/2023,16.97,14.89,2273
277,Jawa Timur,1/22/2023,16.93,15.05,1826
278,Jawa Timur,1/23/2023,17.02,15.06,1845
279,Jawa Timur,1/24/2023,17.19,15.09,1816
280,Jawa Timur,1/25/2023,17.27,15.03,1804
281,Jawa Timur,1/26/2023,17.15,15.24,1830
282,Jawa Timur,1/27/2023,16.96,15.39,1788
283,Jawa Timur,1/28/2023,17.14,15.15,1810
284,Jawa Timur,1/29/2023,16.95,15.19,1809
285,Jawa Timur,1/30/2023,17.17,15.3,1827
286,Jawa Timur,1/31/2023,17.11,15.24,1840
287,Jawa Timur,2/1/2023,17.24,15.31,1863
288,Jawa Timur,2/2/2023,17.28,15.17,1838
289,Jawa Timur,2/3/2023,17.35,15.48,1846
290,Jawa Timur,2/4/2023,17.49,15.44,1834
291,Jawa Timur,2/5/2023,17.34,15.27,1833
292,Jawa Timur,2/6/2023,17.33,15.38,1827
293,Jawa Timur,2/7/2023,17.37,15.31,1831
294,Jawa Timur,2/8/2023,17.31,15.28,1830
295,Jawa Timur,2/9/2023,17.27,15.34,1837
296,Jawa Timur,2/10/2023,17.2,15.23,1839
297,Jawa Timur,2/11/2023,17.16,15.31,1849
298,Jawa Timur,2/12/2023,17.14,15.2,1851
299,Jawa Timur,2/13/2023,17.25,15.24,1852
300,Jawa Timur,2/14/2023,17.23,15.21,1860
301,Jawa Timur,2/15/2023,17.25,15.09,1867
302,Jawa Timur,2/16/2023,17.13,15.17,1868
303,Jawa Timur,2/17/2023,17.1,15.12,1874
304,Jawa Timur,2/18/2023,17.23,15.19,1874
305,Jawa Timur,2/19/2023,17.02,15.12,1872
306,Jawa Timur,2/20/2023,17.16,15.1,1919
307,Jawa Timur,2/21/2023,17.06,15.05,1894
308,Jawa Timur,2/22/2023,17.12,15.09,1918
309,Jawa Timur,2/23/2023,17.12,15.06,1921
310,Jawa Timur,2/24/2023,17.11,15.08,1920
311,Jawa Timur,2/25/2023,17.26,15,1928
312,Jawa Timur,2/26/2023,17.13,15.11,1930
313,Jawa Timur,2/27/2023,17.01,15.03,1945
314,Jawa Timur,2/28/2023,17.03,15.1,1940
315,Jawa Timur,3/1/2023,16.87,15.09,2057
316,Jawa Timur,3/2/2023,17.2,15.21,2028
317,Jawa Timur,3/3/2023,17.07,15.08,2133
318,Jawa Timur,3/4/2023,17.05,15.09,1961
319,Jawa Timur,3/5/2023,17.22,15.18,1966
320,Jawa Timur,3/6/2023,17.26,15.15,1973
321,Jawa Timur,3/7/2023,17.2,15.23,1971
322,Jawa Timur,3/8/2023,17.11,15.24,1954
323,Jawa Timur,3/9/2023,17.13,15.25,1991
324,Jawa Timur,3/10/2023,17.14,15.21,1983
325,Jawa Timur,3/11/2023,17.07,15.03,1986
326,Jawa Timur,3/12/2023,17.28,15.12,1997
327,Jawa Timur,3/13/2023,17.21,15.11,2025
328,Jawa Timur,3/14/2023,17.28,15.16,2015
329,Jawa Timur,3/15/2023,17.25,15.23,2006
330,Jawa Timur,3/16/2023,17.07,15.17,2016
331,Jawa Timur,3/17/2023,17.2,15.2,1999
332,Jawa Timur,3/18/2023,16.9,15.01,1985
333,Jawa Timur,3/19/2023,17.16,15.27,2006
334,Jawa Timur,3/20/2023,16.98,15.17,2016
335,Jawa Timur,3/21/2023,17.09,15.18,1972
336,Jawa Timur,3/22/2023,16.96,15.1,2006
337,Jawa Timur,3/23/2023,17.19,15.09,1992
338,Jawa Timur,3/24/2023,17.09,15.2,2001
339,Jawa Timur,3/25/2023,17.11,15.24,1986
340,Jawa Timur,3/26/2023,17.22,15.18,1963
341,Jawa Timur,3/27/2023,17.11,15.17,1963
342,Jawa Timur,3/28/2023,17,15.13,1954
343,Jawa Timur,3/29/2023,16.92,15.09,1949
344,Jawa Timur,3/30/2023,17.02,15.13,1944
345,Jawa Timur,3/31/2023,16.78,15.01,1953
346,Jawa Timur,4/1/2023,17.02,14.96,1928
347,Jawa Timur,4/2/2023,16.96,14.96,1926
348,Jawa Timur,4/3/2023,16.93,14.96,1913
349,Jawa Timur,4/4/2023,17,14.96,1919
350,Jawa Timur,4/5/2023,16.93,15.04,1924
351,Jawa Timur,4/6/2023,16.83,15.05,1922
352,Jawa Timur,4/7/2023,16.91,15.02,1921
353,Jawa Timur,4/8/2023,16.99,14.93,1923
354,Jawa Timur,4/9/2023,17.01,14.92,1934
355,Jawa Timur,4/10/2023,16.77,14.93,1923
356,Jawa Timur,4/11/2023,16.87,15.06,1922
357,Jawa Timur,4/12/2023,16.93,14.97,1919
358,Jawa Timur,4/13/2023,16.97,15.01,1907
359,Jawa Timur,4/14/2023,16.86,15,1890
360,Jawa Timur,4/15/2023,16.8,14.92,1874
361,Jawa Timur,4/16/2023,16.91,15.08,1872
362,Jawa Timur,4/17/2023,16.86,15,1820
363,Jawa Timur,4/18/2023,16.98,15.04,1813
364,Jawa Timur,4/19/2023,16.97,15.04,1791
365,Jawa Timur,4/20/2023,16.88,15.05,1787
366,Jawa Timur,4/21/2023,16.93,15.14,1765
367,Jawa Timur,4/22/2023,17.64,15.26,1769
368,Jawa Timur,4/23/2023,17.34,15.22,1765
369,Jawa Timur,4/24/2023,16.95,15.05,1755
370,Jawa Timur,4/25/2023,16.89,14.84,1745
371,Jawa Timur,4/26/2023,16.57,14.95,1786
372,Jawa Timur,4/27/2023,16.68,15.14,1775
373,Jawa Timur,4/28/2023,16.76,14.95,1751
374,Jawa Timur,4/29/2023,16.91,14.88,1761
375,Jawa Timur,4/30/2023,16.73,14.93,1758
376,Jawa Timur,5/1/2023,16.67,14.78,1679
377,Jawa Timur,5/2/2023,16.8,14.86,1668
378,Jawa Timur,5/3/2023,16.71,14.85,1662
379,Jawa Timur,5/4/2023,16.69,15,1664
380,Jawa Timur,5/5/2023,16.69,15.02,1658
381,Jawa Timur,5/6/2023,16.79,14.99,1661
382,Jawa Timur,5/7/2023,16.8,14.95,1660
383,Jawa Timur,5/8/2023,16.58,14.95,1651
384,Jawa Timur,5/9/2023,16.58,14.96,1649
385,Jawa Timur,5/10/2023,16.77,14.91,1640
386,Jawa Timur,5/11/2023,16.56,14.93,1634
387,Jawa Timur,5/12/2023,16.54,14.93,1638
388,Jawa Timur,5/13/2023,16.57,14.93,1639
389,Jawa Timur,5/14/2023,16.52,15.1,1624
390,Jawa Timur,5/15/2023,16.51,15.02,1629
391,Jawa Timur,5/16/2023,16.51,15.08,1631
392,Jawa Timur,5/17/2023,16.64,15.01,1643
393,Jawa Timur,5/18/2023,16.52,15.05,1631
394,Jawa Timur,5/19/2023,16.68,15.16,1621
395,Jawa Timur,5/20/2023,16.79,15.05,1638
396,Jawa Timur,5/21/2023,16.52,14.92,1623
397,Jawa Timur,5/22/2023,16.51,14.95,1610
398,Jawa Timur,5/23/2023,16.47,14.87,1602
399,Jawa Timur,5/24/2023,16.62,14.99,1596
400,Jawa Timur,5/25/2023,16.58,14.96,1594
401,Jawa Timur,5/26/2023,16.59,15,1598
402,Jawa Timur,5/27/2023,16.6,15.01,1600
403,Jawa Timur,5/28/2023,16.51,14.9,1586
404,Jawa Timur,5/29/2023,16.56,14.89,1577
405,Jawa Timur,5/30/2023,16.56,14.96,1590
406,Jawa Timur,5/31/2023,16.59,14.89,1581
407,Jawa Timur,6/1/2023,16.51,14.94,1569
408,Jawa Timur,6/2/2023,16.51,14.89,1572
409,Jawa Timur,6/3/2023,16.67,14.88,1571
410,Jawa Timur,6/4/2023,16.42,14.79,1561
411,Jawa Timur,6/5/2023,16.55,14.78,1553
412,Jawa Timur,6/6/2023,16.57,14.91,1554
413,Jawa Timur,6/7/2023,16.55,14.95,1546
414,Jawa Timur,6/8/2023,16.61,14.92,1548
415,Jawa Timur,6/9/2023,16.56,14.83,1537
416,Jawa Timur,6/10/2023,16.38,14.78,1542
417,Jawa Timur,6/11/2023,16.44,14.9,1538
418,Jawa Timur,6/12/2023,16.49,14.94,1539
419,Jawa Timur,6/13/2023,16.61,14.88,1538
420,Jawa Timur,6/14/2023,16.65,14.89,1538
421,Jawa Timur,6/15/2023,16.59,14.97,1551
422,Jawa Timur,6/16/2023,16.71,14.9,1551
423,Jawa Timur,6/17/2023,16.61,14.89,1551
424,Jawa Timur,6/18/2023,16.57,14.9,1545
425,Jawa Timur,6/19/2023,16.64,14.89,1543
426,Jawa Timur,6/20/2023,16.58,14.84,1542
427,Jawa Timur,6/21/2023,16.68,14.79,1550
428,Jawa Timur,6/22/2023,16.58,14.84,1558
429,Jawa Timur,6/23/2023,16.6,14.87,2002
430,Jawa Timur,6/24/2023,16.62,14.95,1560
431,Jawa Timur,6/25/2023,16.56,14.9,1550
432,Jawa Timur,6/26/2023,16.57,14.91,1552
433,Jawa Timur,6/27/2023,16.52,14.91,1557
434,Jawa Timur,6/28/2023,16.5,14.94,1563
435,Jawa Timur,6/29/2023,16.54,14.97,1561
436,Jawa Timur,6/30/2023,16.55,14.9,1561
437,Jawa Timur,7/1/2023,16.47,14.94,1613
438,Jawa Timur,7/2/2023,16.51,14.86,1614
439,Jawa Timur,7/3/2023,16.53,14.87,1611
440,Jawa Timur,7/4/2023,16.44,14.88,1618
441,Jawa Timur,7/5/2023,16.57,14.92,1618
442,Jawa Timur,7/6/2023,16.61,14.95,1618
443,Jawa Timur,7/7/2023,16.51,14.93,1619
444,Jawa Timur,7/8/2023,16.55,14.91,1627
445,Jawa Timur,7/9/2023,16.52,14.9,1622
446,Jawa Timur,7/10/2023,16.55,14.96,1625
447,Jawa Timur,7/11/2023,16.44,14.85,1625
448,Jawa Timur,7/12/2023,16.47,14.99,1633
449,Jawa Timur,7/13/2023,16.5,14.9,1633
450,Jawa Timur,7/14/2023,16.49,14.74,1633
451,Jawa Timur,7/15/2023,16.56,14.81,1637
452,Jawa Timur,7/16/2023,16.61,14.91,1631
453,Jawa Timur,7/17/2023,16.53,14.81,1650
454,Jawa Timur,7/18/2023,16.55,14.79,1645
455,Jawa Timur,7/19/2023,16.59,14.83,1647
456,Jawa Timur,7/20/2023,16.59,14.83,1647
457,Jawa Timur,7/21/2023,16.5,14.88,1651
458,Jawa Timur,7/22/2023,16.54,14.84,1650
459,Jawa Timur,7/23/2023,16.59,14.76,2276
460,Jawa Timur,7/24/2023,16.49,14.93,1654
461,Jawa Timur,7/25/2023,16.56,14.78,1651
462,Jawa Timur,7/26/2023,16.58,14.79,1658
463,Jawa Timur,7/27/2023,16.56,14.85,1651
464,Jawa Timur,7/28/2023,16.45,14.79,1646
465,Jawa Timur,7/29/2023,16.57,14.78,1661
466,Jawa Timur,7/30/2023,16.67,14.75,1662
467,Jawa Timur,7/31/2023,16.6,14.79,1667
468,Jawa Timur,8/1/2023,16.58,14.82,1666
469,Jawa Timur,8/2/2023,16.39,14.82,1667
470,Jawa Timur,8/3/2023,16.52,14.8,1660
471,Jawa Timur,8/4/2023,16.49,14.72,1668
472,Jawa Timur,8/5/2023,16.56,14.79,1661
473,Jawa Timur,8/6/2023,16.58,14.73,1656
474,Jawa Timur,8/7/2023,16.62,14.82,1664
475,Jawa Timur,8/8/2023,16.47,14.82,1669
476,Jawa Timur,8/9/2023,16.59,14.77,1676
477,Jawa Timur,8/10/2023,16.53,14.86,1669
478,Jawa Timur,8/11/2023,16.46,14.72,1669
479,Jawa Timur,8/12/2023,16.61,14.78,1670
480,Jawa Timur,8/13/2023,16.37,14.71,1666
481,Jawa Timur,8/14/2023,16.49,14.7,1671
482,Jawa Timur,8/15/2023,16.49,14.74,1673
483,Jawa Timur,8/16/2023,16.58,14.83,1679
484,Jawa Timur,8/17/2023,16.17,14.66,1691
485,Jawa Timur,8/18/2023,16.45,14.81,1682
486,Jawa Timur,8/19/2023,16.4,14.72,1703
487,Jawa Timur,8/20/2023,16.63,14.77,1683
488,Jawa Timur,8/21/2023,16.52,14.78,1693
489,Jawa Timur,8/22/2023,16.46,14.83,1703
490,Jawa Timur,8/23/2023,16.47,14.85,1704
491,Jawa Timur,8/24/2023,16.4,14.9,1714
492,Jawa Timur,8/25/2023,16.45,14.77,1718
493,Jawa Timur,8/26/2023,16.54,14.82,1711
494,Jawa Timur,8/27/2023,16.28,14.69,1709
495,Jawa Timur,8/28/2023,16.38,14.83,1720
496,Jawa Timur,8/29/2023,16.42,14.73,1723
497,Jawa Timur,8/30/2023,16.34,14.64,1769
498,Jawa Timur,8/31/2023,16.4,14.65,1764
499,Jawa Timur,9/1/2023,16.44,14.74,1735
500,Jawa Timur,9/2/2023,16.47,14.7,1731
501,Jawa Timur,9/3/2023,16.31,14.81,1740
502,Jawa Timur,9/4/2023,16.31,14.57,1734
503,Jawa Timur,9/5/2023,16.31,14.67,1732
504,Jawa Timur,9/6/2023,16.26,14.62,1736
505,Jawa Timur,9/7/2023,16.24,14.64,1735
506,Jawa Timur,9/8/2023,16.13,14.61,2661
507,Jawa Timur,9/9/2023,16.15,14.62,1732
508,Jawa Timur,9/10/2023,16.22,14.65,1711
509,Jawa Timur,9/11/2023,16.14,14.66,1720
510,Jawa Timur,9/12/2023,16.22,14.59,1719
511,Jawa Timur,9/13/2023,16.28,14.58,1725
512,Jawa Timur,9/14/2023,16.24,14.56,1734
513,Jawa Timur,9/15/2023,16.06,14.57,1739
514,Jawa Timur,9/16/2023,16.24,14.64,1744
515,Jawa Timur,9/17/2023,16.2,14.57,1737
516,Jawa Timur,9/18/2023,16.16,14.58,1743
517,Jawa Timur,9/19/2023,16.08,14.64,1745
518,Jawa Timur,9/20/2023,16.33,14.62,1728
519,Jawa Timur,9/21/2023,16.28,14.66,1749
520,Jawa Timur,9/22/2023,16.22,14.61,1739
521,Jawa Timur,9/23/2023,16.25,14.63,1729
522,Jawa Timur,9/24/2023,16.3,14.71,1742
523,Jawa Timur,9/25/2023,16.26,14.64,1743
524,Jawa Timur,9/26/2023,16.08,14.7,1745
525,Jawa Timur,9/27/2023,16.2,14.61,1746
526,Jawa Timur,9/28/2023,16.09,14.75,1993
527,Jawa Timur,9/29/2023,16.2,14.56,1750
528,Jawa Timur,9/30/2023,16.12,14.59,1756
529,Jawa Timur,10/1/2023,16.18,14.59,1755
530,Jawa Timur,10/2/2023,16.33,14.59,1761
531,Jawa Timur,10/3/2023,16.32,14.63,1759
532,Jawa Timur,10/4/2023,16.23,14.61,1759
533,Jawa Timur,10/5/2023,16.17,14.66,1761
534,Jawa Timur,10/6/2023,16.12,14.63,1760
535,Jawa Timur,10/7/2023,16.18,14.6,1762
536,Jawa Timur,10/8/2023,16.09,14.6,1756
537,Jawa Timur,10/9/2023,16.2,14.71,1763
538,Jawa Timur,10/10/2023,16.21,14.66,1756
539,Jawa Timur,10/11/2023,16.16,14.51,2336
540,Jawa Timur,10/12/2023,16.14,14.61,1757
541,Jawa Timur,10/13/2023,16.13,14.65,1755
542,Jawa Timur,10/14/2023,16.06,14.61,1764
543,Jawa Timur,10/15/2023,16.14,14.67,1759
544,Jawa Timur,10/16/2023,16.01,14.59,1770
545,Jawa Timur,10/17/2023,16.11,14.57,1772
546,Jawa Timur,10/18/2023,16.18,14.61,1771
547,Jawa Timur,10/19/2023,16.09,14.63,1779
548,Jawa Timur,10/20/2023,16.09,14.54,1779
549,Jawa Timur,10/21/2023,16.14,14.59,1764
550,Jawa Timur,10/22/2023,16.12,14.59,1776
551,Jawa Timur,10/23/2023,16.04,14.6,1783
552,Jawa Timur,10/24/2023,16.01,14.51,1789
553,Jawa Timur,10/25/2023,16.14,14.56,1780
554,Jawa Timur,10/26/2023,16.13,14.53,1780
555,Jawa Timur,10/27/2023,16.01,14.55,1773
556,Jawa Timur,10/28/2023,16.07,14.53,1780
557,Jawa Timur,10/29/2023,16.03,14.62,1779
558,Jawa Timur,10/30/2023,16.08,14.62,1781
559,Jawa Timur,10/31/2023,16.09,14.62,1782
560,Jawa Timur,11/1/2023,15.98,14.64,1785
561,Jawa Timur,11/2/2023,16.19,14.61,1782
562,Jawa Timur,11/3/2023,15.88,14.61,1788
563,Jawa Timur,11/4/2023,16.2,14.66,1795
564,Jawa Timur,11/5/2023,15.91,14.62,1789
565,Jawa Timur,11/6/2023,16.02,14.67,1789
566,Jawa Timur,11/7/2023,15.95,14.64,1791
567,Jawa Timur,11/8/2023,15.97,14.69,1803
568,Jawa Timur,11/9/2023,16.05,14.53,1964
569,Jawa Timur,11/10/2023,15.97,14.63,1804
570,Jawa Timur,11/11/2023,16.07,14.63,1805
571,Jawa Timur,11/12/2023,16.11,14.73,1802
572,Jawa Timur,11/13/2023,15.98,14.67,1810
573,Jawa Timur,11/14/2023,15.86,14.62,1815
574,Jawa Timur,11/15/2023,16.06,14.64,2420
575,Jawa Timur,11/16/2023,16.09,14.64,1832
576,Jawa Timur,11/17/2023,15.97,14.65,1834
577,Jawa Timur,11/18/2023,16.06,14.6,1839
578,Jawa Timur,11/19/2023,16.19,14.65,1839
579,Jawa Timur,11/20/2023,16.13,14.66,1831
580,Jawa Timur,11/21/2023,16.15,14.6,1834
581,Jawa Timur,11/22/2023,16.17,14.67,1843
582,Jawa Timur,11/23/2023,15.94,14.54,1838
583,Jawa Timur,11/24/2023,16.14,14.65,1857
584,Jawa Timur,11/25/2023,16.2,14.66,1854
585,Jawa Timur,11/26/2023,16.14,14.63,1855
586,Jawa Timur,11/27/2023,16.13,14.63,1841
587,Jawa Timur,11/28/2023,16.14,14.55,1845
588,Jawa Timur,11/29/2023,16.21,14.64,1847
589,Jawa Timur,11/30/2023,16.04,14.67,1844
590,Jawa Timur,12/1/2023,16.16,14.61,1849
591,Jawa Timur,12/2/2023,16.02,14.56,1857
592,Jawa Timur,12/3/2023,16.11,14.65,1843
593,Jawa Timur,12/4/2023,16.05,14.66,1850
594,Jawa Timur,12/5/2023,16.1,14.72,1838
595,Jawa Timur,12/6/2023,16.06,14.53,1848
596,Jawa Timur,12/7/2023,16.09,14.64,1846
597,Jawa Timur,12/8/2023,16.1,14.75,1843
598,Jawa Timur,12/9/2023,16,14.4,1849
599,Jawa Timur,12/10/2023,16.18,14.71,1834
600,Jawa Timur,12/11/2023,16.17,14.59,1852
601,Jawa Timur,12/12/2023,16.09,14.74,1845
602,Jawa Timur,12/13/2023,16.05,14.74,1848
603,Jawa Timur,12/14/2023,16.13,14.71,1852
604,Jawa Timur,12/15/2023,16.18,14.77,1853
605,Jawa Timur,12/16/2023,16.1,14.7,1865
606,Jawa Timur,12/17/2023,16.21,14.85,1856
607,Jawa Timur,12/18/2023,16.07,14.76,1856
608,Jawa Timur,12/19/2023,15.96,14.72,1857
609,Jawa Timur,12/20/2023,16.07,14.82,1852
610,Jawa Timur,12/21/2023,16,14.72,1858
611,Jawa Timur,12/22/2023,16,14.77,1855
612,Jawa Timur,12/23/2023,15.91,14.75,1853
613,Jawa Timur,12/24/2023,15.91,14.76,1854
614,Jawa Timur,12/25/2023,15.91,14.71,1853
615,Jawa Timur,12/26/2023,15.96,14.75,1855
616,Jawa Timur,12/27/2023,15.92,14.7,1855
617,Jawa Timur,12/28/2023,15.83,14.69,1867
618,Jawa Timur,12/29/2023,15.87,14.66,1869
619,Jawa Timur,12/30/2023,16,14.78,1869
620,Jawa Timur,12/31/2023,16.01,14.69,1866
621,Jawa Timur,1/1/2024,15.94,14.71,1810
622,Jawa Timur,1/2/2024,15.96,14.69,2985
623,Jawa Timur,1/3/2024,15.97,14.64,2063
624,Jawa Timur,1/4/2024,15.97,14.57,1857
625,Jawa Timur,1/5/2024,15.93,14.74,1850
626,Jawa Timur,1/6/2024,15.87,14.64,1933
627,Jawa Timur,1/7/2024,15.9,14.65,1853
628,Jawa Timur,1/8/2024,15.85,14.64,1856
629,Jawa Timur,1/9/2024,16,14.68,1838
630,Jawa Timur,1/10/2024,15.91,14.63,1854
631,Jawa Timur,1/11/2024,15.94,14.6,1865
632,Jawa Timur,1/12/2024,16.06,14.65,1865
633,Jawa Timur,1/13/2024,16.08,14.65,1861
634,Jawa Timur,1/14/2024,15.94,14.62,1881
635,Jawa Timur,1/15/2024,16.01,14.63,1882
636,Jawa Timur,1/16/2024,15.95,14.65,1882
637,Jawa Timur,1/17/2024,15.94,14.71,1884
638,Jawa Timur,1/18/2024,15.93,14.62,1889
639,Jawa Timur,1/19/2024,16.01,14.71,1889
640,Jawa Timur,1/20/2024,16.05,14.71,1899
641,Jawa Timur,1/21/2024,16.09,14.76,1884
642,Jawa Timur,1/22/2024,16.05,14.75,1900
643,Jawa Timur,1/23/2024,16.15,14.63,1941
644,Jawa Timur,1/24/2024,16.08,14.78,1903
645,Jawa Timur,1/25/2024,16.14,14.94,1902
646,Jawa Timur,1/26/2024,16.08,14.89,1907
647,Jawa Timur,1/27/2024,16.08,14.87,1900
648,Jawa Timur,1/28/2024,16.05,14.89,1898
649,Jawa Timur,1/29/2024,16.05,14.92,1912
650,Jawa Timur,1/30/2024,16.09,14.92,1915
651,Jawa Timur,1/31/2024,16.13,14.93,1910
652,Jawa Timur,2/1/2024,16,14.86,1951
653,Jawa Timur,2/2/2024,16.01,14.89,1948
654,Jawa Timur,2/3/2024,16.01,14.96,1947
655,Jawa Timur,2/4/2024,16.08,14.96,1974
656,Jawa Timur,2/5/2024,15.94,14.96,1933
657,Jawa Timur,2/6/2024,16.11,15.03,1941
658,Jawa Timur,2/7/2024,16.08,15.03,1956
659,Jawa Timur,2/8/2024,16.06,15.03,1946
660,Jawa Timur,2/9/2024,16.05,14.74,1951
661,Jawa Timur,2/10/2024,16.52,15.17,1954
662,Jawa Timur,2/11/2024,16.03,15.01,1949
663,Jawa Timur,2/12/2024,16.11,14.96,1948
664,Jawa Timur,2/13/2024,16.08,15.02,1954
665,Jawa Timur,2/14/2024,16.26,15,1951
666,Jawa Timur,2/15/2024,16.11,15.11,1956
667,Jawa Timur,2/16/2024,16.11,15.07,1957
668,Jawa Timur,2/17/2024,16.1,15.13,1962
669,Jawa Timur,2/18/2024,16.22,15.16,1959
670,Jawa Timur,2/19/2024,16.14,15.14,1949
671,Jawa Timur,2/20/2024,16.12,15.18,1957
672,Jawa Timur,2/21/2024,16.11,15.13,1968
673,Jawa Timur,2/22/2024,16.22,15.18,1970
674,Jawa Timur,2/23/2024,16.15,15.13,1974
675,Jawa Timur,2/24/2024,16.11,15.15,1967
676,Jawa Timur,2/25/2024,16.2,15.19,1967
677,Jawa Timur,2/26/2024,16.22,15.21,1951
678,Jawa Timur,2/27/2024,16.28,15.34,1976
679,Jawa Timur,2/28/2024,16.17,15.17,1981
680,Jawa Timur,2/29/2024,16.26,15.18,1850
681,Jawa Timur,3/1/2024,16.17,15.16,2016
682,Jawa Timur,3/2/2024,16.27,15.24,2018
683,Jawa Timur,3/3/2024,16.18,15.3,2018
684,Jawa Timur,3/4/2024,16.19,15.31,2008
685,Jawa Timur,3/5/2024,16.28,15.33,2011
686,Jawa Timur,3/6/2024,16.33,15.37,2017
687,Jawa Timur,3/7/2024,16.35,15.38,2013
688,Jawa Timur,3/8/2024,16.27,15.38,2010
689,Jawa Timur,3/9/2024,16.33,15.39,2028
690,Jawa Timur,3/10/2024,16.52,15.38,2024
691,Jawa Timur,3/11/2024,16.35,15.43,2024
692,Jawa Timur,3/12/2024,16.41,15.39,2041
693,Jawa Timur,3/13/2024,16.3,15.31,2030
694,Jawa Timur,3/14/2024,16.35,15.42,2042
695,Jawa Timur,3/15/2024,16.36,15.51,2040
696,Jawa Timur,3/16/2024,16.39,15.52,2056
697,Jawa Timur,3/17/2024,16.38,15.56,2053
698,Jawa Timur,3/18/2024,16.35,15.6,2053
699,Jawa Timur,3/19/2024,16.39,15.67,2075
700,Jawa Timur,3/20/2024,16.36,15.67,2071
701,Jawa Timur,3/21/2024,16.53,15.69,2078
702,Jawa Timur,3/22/2024,16.43,15.75,2084
703,Jawa Timur,3/23/2024,16.45,15.74,2232
704,Jawa Timur,3/24/2024,16.5,15.85,2082
705,Jawa Timur,3/25/2024,16.46,15.84,2095
706,Jawa Timur,3/26/2024,16.49,15.94,2100
707,Jawa Timur,3/27/2024,16.48,16.01,2108
708,Jawa Timur,3/28/2024,16.57,16,2101
709,Jawa Timur,3/29/2024,16.61,15.93,2104
710,Jawa Timur,3/30/2024,16.55,16.08,2096
711,Jawa Timur,3/31/2024,16.56,16.08,2092
712,Jawa Timur,4/1/2024,16.75,16.01,2114
713,Jawa Timur,4/2/2024,16.67,16.14,2108
714,Jawa Timur,4/3/2024,16.61,16.04,2113
715,Jawa Timur,4/4/2024,16.6,16.05,2115
716,Jawa Timur,4/5/2024,16.62,16,2109
717,Jawa Timur,4/6/2024,16.62,16.03,2091
718,Jawa Timur,4/7/2024,16.62,16.13,2096
719,Jawa Timur,4/8/2024,16.72,15.99,2100
720,Jawa Timur,4/9/2024,16.83,16.09,2092
721,Jawa Timur,4/10/2024,15.75,16.49,2090
722,Jawa Timur,4/11/2024,16.17,15.86,2097
723,Jawa Timur,4/12/2024,16.65,16.04,2100
724,Jawa Timur,4/13/2024,16.74,16.08,2097
725,Jawa Timur,4/14/2024,16.74,16.07,2098
726,Jawa Timur,4/15/2024,16.73,16.05,2103
727,Jawa Timur,4/16/2024,16.69,16.01,2106
728,Jawa Timur,4/17/2024,16.73,15.96,2097
729,Jawa Timur,4/18/2024,16.71,16.03,2106
730,Jawa Timur,4/19/2024,16.76,16.05,2099
731,Jawa Timur,4/20/2024,16.78,15.96,2090
732,Jawa Timur,4/21/2024,16.84,16.11,2090
733,Jawa Timur,4/22/2024,16.8,16.14,2096
734,Jawa Timur,4/23/2024,16.84,16.11,2085
735,Jawa Timur,4/24/2024,16.9,16.17,2079
736,Jawa Timur,4/25/2024,16.75,16.08,2079
737,Jawa Timur,4/26/2024,16.81,16.14,2070
738,Jawa Timur,4/27/2024,16.86,15.91,2066
739,Jawa Timur,4/28/2024,16.74,16.11,2066
740,Jawa Timur,4/29/2024,16.81,16.15,2061
741,Jawa Timur,4/30/2024,16.74,16.17,2074
742,Jawa Timur,5/1/2024,16.65,16.06,2060
743,Jawa Timur,5/2/2024,16.76,16.05,2061
744,Jawa Timur,5/3/2024,16.78,16.03,2061
745,Jawa Timur,5/4/2024,16.78,15.9,2059
746,Jawa Timur,5/5/2024,16.79,15.88,2052
747,Jawa Timur,5/6/2024,16.78,15.88,2059
748,Jawa Timur,5/7/2024,16.85,15.86,2050
749,Jawa Timur,5/8/2024,16.77,15.91,2055
750,Jawa Timur,5/9/2024,16.67,15.81,2046
751,Jawa Timur,5/10/2024,16.73,15.76,2042
752,Jawa Timur,5/11/2024,16.8,15.78,2038
753,Jawa Timur,5/12/2024,16.78,15.88,2039
754,Jawa Timur,5/13/2024,16.73,15.83,1043
755,Jawa Timur,5/14/2024,16.7,15.78,2048
756,Jawa Timur,5/15/2024,16.72,15.79,2053
757,Jawa Timur,5/16/2024,16.75,15.6,2043
758,Jawa Timur,5/17/2024,16.69,15.71,2044
759,Jawa Timur,5/18/2024,16.77,15.77,2045
760,Jawa Timur,5/19/2024,16.73,15.76,2045
761,Jawa Timur,5/20/2024,16.69,15.71,2042
762,Jawa Timur,5/21/2024,16.52,15.79,2043
763,Jawa Timur,5/22/2024,16.58,15.62,2166
764,Jawa Timur,5/23/2024,16.56,15.79,2034
765,Jawa Timur,5/24/2024,16.59,15.78,2037
766,Jawa Timur,5/25/2024,16.69,15.61,2031
767,Jawa Timur,5/26/2024,16.68,15.75,2037
768,Jawa Timur,5/27/2024,16.73,15.72,2042
769,Jawa Timur,5/28/2024,16.56,15.7,2041
770,Jawa Timur,5/29/2024,16.7,15.61,2046
771,Jawa Timur,5/30/2024,16.67,15.73,2031
772,Jawa Timur,5/31/2024,16.65,15.61,2022
773,Jawa Timur,6/1/2024,16.69,15.67,2064
774,Jawa Timur,6/2/2024,16.64,15.73,2063
775,Jawa Timur,6/3/2024,16.6,15.71,2086
776,Jawa Timur,6/4/2024,16.67,15.7,2082
777,Jawa Timur,6/5/2024,16.58,15.76,2089
778,Jawa Timur,6/6/2024,16.59,15.71,2090
779,Jawa Timur,6/7/2024,16.59,15.68,2089
780,Jawa Timur,6/8/2024,16.66,15.61,2095
781,Jawa Timur,6/9/2024,16.59,15.68,2083
782,Jawa Timur,6/10/2024,16.72,15.62,2112
783,Jawa Timur,6/11/2024,16.58,15.67,2104
784,Jawa Timur,6/12/2024,16.58,15.66,2111
785,Jawa Timur,6/13/2024,16.53,15.58,2118
786,Jawa Timur,6/14/2024,16.53,15.72,2118
787,Jawa Timur,6/15/2024,16.52,15.68,2123
788,Jawa Timur,6/16/2024,16.53,15.66,2108
789,Jawa Timur,6/17/2024,14.73,15.75,2118
790,Jawa Timur,6/18/2024,16.48,14.82,2113
791,Jawa Timur,6/19/2024,16.5,15.67,2106
792,Jawa Timur,6/20/2024,16.55,15.71,2103
793,Jawa Timur,6/21/2024,16.52,15.64,2234
794,Jawa Timur,6/22/2024,16.58,15.7,2100
795,Jawa Timur,6/23/2024,16.5,15.81,2091
796,Jawa Timur,6/24/2024,16.57,15.81,2101
797,Jawa Timur,6/25/2024,16.53,15.69,2122
798,Jawa Timur,6/26/2024,16.5,15.7,2105
799,Jawa Timur,6/27/2024,16.52,15.68,2111
800,Jawa Timur,6/28/2024,16.6,15.71,2118
801,Jawa Timur,6/29/2024,16.5,15.67,2122
802,Jawa Timur,6/30/2024,16.44,15.67,2118
803,Jawa Timur,7/1/2024,16.55,15.76,2132
804,Jawa Timur,7/2/2024,16.45,15.72,2132
805,Jawa Timur,7/3/2024,16.54,15.73,2144
806,Jawa Timur,7/4/2024,16.56,15.71,2149
807,Jawa Timur,7/5/2024,16.55,15.63,2150
808,Jawa Timur,7/6/2024,16.6,15.81,2147
809,Jawa Timur,7/7/2024,16.64,15.8,2143
810,Jawa Timur,7/8/2024,16.62,15.65,2154
811,Jawa Timur,7/9/2024,16.52,15.64,2155
812,Jawa Timur,7/10/2024,16.5,15.8,2154
813,Jawa Timur,7/11/2024,16.55,15.72,2151
814,Jawa Timur,7/12/2024,16.63,15.85,2151
815,Jawa Timur,7/13/2024,16.59,15.81,2155
816,Jawa Timur,7/14/2024,16.51,15.73,2151
817,Jawa Timur,7/15/2024,16.55,15.85,2159
818,Jawa Timur,7/16/2024,16.49,15.76,2165
819,Jawa Timur,7/17/2024,16.63,15.84,2164
820,Jawa Timur,7/18/2024,16.55,15.77,2135
821,Jawa Timur,7/19/2024,16.53,15.8,2155
822,Jawa Timur,7/20/2024,16.54,15.76,2159
823,Jawa Timur,7/21/2024,16.49,15.93,2159
824,Jawa Timur,7/22/2024,16.48,15.83,2158
825,Jawa Timur,7/23/2024,16.55,15.82,2151
826,Jawa Timur,7/24/2024,16.58,15.88,2171
827,Jawa Timur,7/25/2024,16.65,15.96,2152
828,Jawa Timur,7/26/2024,16.49,15.93,2162
829,Jawa Timur,7/27/2024,16.6,15.96,2170
830,Jawa Timur,7/28/2024,16.49,15.96,2165
831,Jawa Timur,7/29/2024,16.51,15.83,2171
832,Jawa Timur,7/30/2024,16.54,15.87,2174
833,Jawa Timur,7/31/2024,16.53,15.84,2178
834,Jawa Timur,8/1/2024,16.52,15.82,2163
835,Jawa Timur,8/2/2024,16.52,15.84,2275
836,Jawa Timur,8/3/2024,16.68,15.89,2175
837,Jawa Timur,8/4/2024,16.47,16.01,2172
838,Jawa Timur,8/5/2024,16.66,15.9,2176
839,Jawa Timur,8/6/2024,16.58,15.92,2171
840,Jawa Timur,8/7/2024,16.61,15.98,2185
841,Jawa Timur,8/8/2024,16.63,15.91,2186
842,Jawa Timur,8/9/2024,16.63,15.94,2200
843,Jawa Timur,8/10/2024,16.61,16.13,2200
844,Jawa Timur,8/11/2024,16.72,15.9,2198
845,Jawa Timur,8/12/2024,16.71,15.98,2194
846,Jawa Timur,8/13/2024,16.62,15.87,2168
847,Jawa Timur,8/14/2024,16.68,16,2205
848,Jawa Timur,8/15/2024,16.63,15.94,2205
849,Jawa Timur,8/16/2024,16.57,16.01,2202
850,Jawa Timur,8/17/2024,16.68,15.99,2203
851,Jawa Timur,8/18/2024,16.63,16.13,2201
852,Jawa Timur,8/19/2024,16.81,15.99,2190
853,Jawa Timur,8/20/2024,16.68,16,2191
854,Jawa Timur,8/21/2024,16.77,15.99,2196
855,Jawa Timur,8/22/2024,16.77,16.08,2196
856,Jawa Timur,8/23/2024,16.65,15.96,2205
857,Jawa Timur,8/24/2024,16.68,16.02,2212
858,Jawa Timur,8/25/2024,16.7,16.04,2204
859,Jawa Timur,8/26/2024,16.65,15.98,2204
860,Jawa Timur,8/27/2024,16.75,16.01,2204
861,Jawa Timur,8/28/2024,16.66,16.01,2203
862,Jawa Timur,8/29/2024,16.8,15.97,2199
863,Jawa Timur,8/30/2024,16.69,16.01,2196
864,Jawa Timur,8/31/2024,16.77,15.92,2171
865,Jawa Timur,9/1/2024,16.71,16.06,2203
866,Jawa Timur,9/2/2024,16.8,16.13,2204
867,Jawa Timur,9/3/2024,16.78,16.07,2170
868,Jawa Timur,9/4/2024,16.74,16.14,2244
869,Jawa Timur,9/5/2024,16.67,15.94,2200
870,Jawa Timur,9/6/2024,16.75,15.98,2212
871,Jawa Timur,9/7/2024,16.86,16.04,2211
872,Jawa Timur,9/8/2024,16.88,16.06,2208
873,Jawa Timur,9/9/2024,16.83,16.09,2220
874,Jawa Timur,9/10/2024,16.86,16.22,2219
875,Jawa Timur,9/11/2024,16.8,16.2,2210
876,Jawa Timur,9/12/2024,16.86,16.18,2265
877,Jawa Timur,9/13/2024,16.89,16.06,2223
878,Jawa Timur,9/14/2024,16.94,16.22,2212
879,Jawa Timur,9/15/2024,16.92,16.13,2211
880,Jawa Timur,9/16/2024,16.86,16.09,2228
881,Jawa Timur,9/17/2024,16.98,16.18,2226
882,Jawa Timur,9/18/2024,16.9,16.11,2220
883,Jawa Timur,9/19/2024,16.87,16.11,2212
884,Jawa Timur,9/20/2024,16.85,16.25,2221
885,Jawa Timur,9/21/2024,16.9,16.19,2224
886,Jawa Timur,9/22/2024,16.85,16.17,2217
887,Jawa Timur,9/23/2024,16.97,16.2,2233
888,Jawa Timur,9/24/2024,16.94,16.28,2235
889,Jawa Timur,9/25/2024,16.98,16.37,2241
890,Jawa Timur,9/26/2024,16.96,16.24,2532
891,Jawa Timur,9/27/2024,17.27,16.27,2544
892,Jawa Timur,9/28/2024,16.98,16.37,2542
893,Jawa Timur,9/29/2024,16.96,16.25,2545
894,Jawa Timur,9/30/2024,17.02,16.33,2539
895,Jawa Timur,10/1/2024,16.96,16.22,2313
896,Jawa Timur,10/2/2024,16.93,16.24,2309
